Date,Player,Club Name,Brand/Model,Club Type,Club Speed,Attack Angle,Club Path,Club Face,Face to Path,Ball Speed,Smash Factor,Launch Angle,Launch Direction,Backspin,Sidespin,Spin Rate,Spin Rate Type,Spin Axis,Apex Height,Carry Distance,Carry Deviation Angle,Carry Deviation Distance,Total Distance,Total Deviation Angle,Total Deviation Distance,Target Total Distance,Target Carry Distance,Note,Tag,Air Density,Temperature,Air Pressure,Relative Humidity,Back Stroke Length,Target Backswing Time,Target Downswing Time,Forward Stroke Length,Backswing Time,Downswing Time,Target Tempo,Swing Tempo
,,,,,[mph],[deg],[deg],[deg],[deg],[mph],,[deg],[deg],[rpm],[rpm],[rpm],,[deg],[yds],[Yards],[deg],[Yards],[Yards],[deg],[Yards],[Yards],[Yards],,,[g/L],[deg F],[kPa],[%],[Inches],[sec],[sec],[Inches],[sec],[sec],,
5/27/26 10:37:39,Jerry Gamblin,,,7 Iron,62.276758973566054,0.27884605526924133,-6.18450403213501,3.4234273433685303,9.607931137084961,77.32959841521365,1.2417087801251332,17.47097396850586,2.0382325649261475,4354.755859375,-469.6057434082031,4380.00341796875,Estimated,6.154845714569092,9.825136822143982,89.07526705417317,3.6462061405181885,5.66480666633666,105.9748932445456,3.884890079498291,7.18007302555408,,,,,1.1625896,73.0,99.57467,78,,,,,0.535,0.234,,2.3
5/27/26 10:37:57,Jerry Gamblin,,,7 Iron,62.52324999274743,3.2903008460998535,-4.727967262268066,2.3770217895507812,7.104989051818848,79.57295169980507,1.2726937852564506,14.652949333190918,1.3609434366226196,4699.06201171875,-150.0455780029297,4701.45703125,Estimated,1.8288880586624146,8.304484142927569,88.986924939894,1.8412190675735474,2.859059333384089,114.52741614581197,1.940073847770691,3.8773149955929735,,,,,1.1625896,73.0,99.57467,78,,,,,0.534,0.237,,2.3
5/27/26 10:38:15,Jerry Gamblin,,,7 Iron,56.78957329533658,-6.237101078033447,1.7806230783462524,8.429259300231934,6.648636341094971,67.0895076429494,1.181370166210751,20.25660514831543,7.146789073944092,3670.067626953125,-501.58538818359375,3704.1845703125,Estimated,7.782356262207031,8.390541151752622,71.59225584015132,8.7583589553833,10.90121185790001,88.19718582006473,9.032788276672363,13.846933893852869,,,,,1.1625896,73.0,99.57467,78,,,,,0.543,0.217,,2.5
5/27/26 10:38:52,Jerry Gamblin,,,7 Iron,57.38556001044719,-0.241348534822464,-7.064239025115967,10.778545379638672,17.842784881591797,65.26316500768205,1.137275039152719,21.228578567504883,7.969814300537109,4034.510009765625,-1312.2799072265625,4242.56396484375,Estimated,18.01782989501953,8.434428526243408,68.38100580197099,11.753410339355469,13.929204990857542,82.27162265193536,12.349991798400879,17.596490531247223,,,,,1.1625896,73.0,99.57467,78,,,,,0.504,0.251,,2.0
5/27/26 10:39:06,Jerry Gamblin,,,7 Iron,61.047145444833134,0.14449314773082733,-3.1811835765838623,3.609602451324463,6.790785789489746,81.00150053042042,1.3268679467350288,18.51395606994629,2.566957473754883,4116.4833984375,-493.2977600097656,4145.93505859375,Estimated,6.83344030380249,11.948743413022394,98.50325129685022,4.482968330383301,7.69931656794911,114.61550795187162,4.732055187225342,9.45537317664813,,,,,1.1625896,73.0,99.57467,78,,,,,0.425,0.244,,1.7
5/27/26 10:39:22,Jerry Gamblin,,,7 Iron,62.519474036367605,-7.666676044464111,0.793333888053894,13.297460556030273,12.50412654876709,53.89710537603948,0.8620850735994278,8.924046516418457,11.022103309631348,4399.125,-1049.603515625,4522.6064453125,Estimated,13.419523239135742,1.1435203247704426,27.540898177045953,12.185246467590332,5.81314401050878,62.45386569205857,13.135305404663086,14.192721140770566,,,,,1.1625896,73.0,99.57467,78,,,,,0.578,0.196,,2.9
5/27/26 10:39:40,Jerry Gamblin,,,7 Iron,58.267981816635185,-0.5596182346343994,-5.246342658996582,11.092480659484863,16.338823318481445,68.30132511059728,1.1721930806791325,16.69654083251953,8.455156326293945,5854.4462890625,-2025.485595703125,6194.92822265625,Estimated,19.08428382873535,6.7551920315933565,68.17326666697639,12.878337860107422,15.19456935992704,88.98740052551109,13.947673797607422,21.449126179345534,,,,,1.1625896,73.0,99.57467,78,,,,,0.498,0.243,,2.0
5/27/26 10:40:07,Jerry Gamblin,,,7 Iron,60.66286828403569,0.3937956690788269,-5.694661617279053,10.635259628295898,16.32992172241211,75.08231984263415,1.237698149897623,3.4174857139587402,8.02348804473877,4167.1279296875,-1328.0693359375,4373.6396484375,Estimated,17.677152633666992,0.5195981457060299,35.12834730840835,9.702230453491211,5.92010801337001,89.06160022538687,10.949867248535156,16.917233287714495,,,,,1.1625896,73.0,99.57467,78,,,,,0.542,0.237,,2.3
5/27/26 10:40:28,Jerry Gamblin,,,7 Iron,61.61420022750123,1.6251415014266968,-4.773397922515869,3.284553050994873,8.057950973510742,79.11160236268532,1.2839832712358117,3.4031217098236084,2.1007254123687744,2760.86279296875,-715.5440673828125,2852.0810546875,Estimated,14.529882431030273,0.5115197086584536,35.86551335852916,3.2351298332214355,2.024028896763986,96.88272250918891,4.006532669067383,6.769222850248883,,,,,1.1625896,73.0,99.57467,78,,,,,0.505,0.24,,2.1
5/27/26 10:40:52,Jerry Gamblin,,,7 Iron,64.9237769283221,1.0146942138671875,-6.0035881996154785,0.09806565940380096,6.101654052734375,86.22396820002824,1.3280799774668413,3.4647927284240723,-0.6706576347351074,3236.98779296875,-143.1604766845703,3240.152099609375,Estimated,2.5323386192321777,0.8325452149592255,49.90057891018017,-0.38461339473724365,-0.33497934214190656,111.52471040073237,-0.22555352747440338,-0.4395373224273441,,,,,1.1625896,73.0,99.57467,78,,,,,0.556,0.227,,2.4
5/27/26 10:41:06,Jerry Gamblin,,,7 Iron,62.5958208877356,0.25600287318229675,-5.626495361328125,5.76696252822876,11.393457412719727,80.13006099736427,1.2801183826804665,11.604667663574219,4.033087730407715,3665.908203125,-862.6185302734375,3766.031494140625,Estimated,13.241290092468262,5.417150149508099,80.39185798491498,6.797917366027832,9.515863286750106,117.16402108900816,7.6615753173828125,15.620500083983414,,,,,1.1625896,73.0,99.57467,78,,,,,0.492,0.243,,2.0
5/27/26 10:41:21,Jerry Gamblin,,,7 Iron,66.75963838696053,0.29144486784935,-3.2009236812591553,0.039389293640851974,3.2403130531311035,88.12415744887988,1.3200214916995756,9.80651569366455,-0.3681667447090149,4116.279296875,760.2506713867188,4185.8974609375,Estimated,-10.464245796203613,5.847407555434126,93.15131947541592,-2.9297759532928467,-4.761095434974811,131.6448438616041,-3.6875364780426025,-8.466816323948658,,,,,1.1625896,73.0,99.57467,78,,,,,0.669,0.22,,3.0
5/27/26 10:41:43,Jerry Gamblin,,,7 Iron,65.69372216718233,-0.8506782054901123,-1.9759900569915771,3.129133462905884,5.105123519897461,84.73217956663117,1.2898063433062652,8.66408920288086,2.323091506958008,4031.5390625,-188.66732788085938,4035.951171875,Estimated,2.6793642044067383,4.245784860479133,81.61506419211027,2.8942148685455322,4.120940246398472,122.55946482260396,3.1021087169647217,6.632556126812312,,,,,1.1625896,73.0,99.57467,78,,,,,0.524,0.217,,2.4
5/27/26 10:42:13,Jerry Gamblin,,,7 Iron,62.27048277940252,0.38345879316329956,-5.130305290222168,0.36714255809783936,5.497447967529297,77.65689916754076,1.2470900449358275,9.149077415466309,-0.3403604328632355,2540.632080078125,-892.6477661132812,2692.88525390625,Estimated,19.358861923217773,2.887401785228926,62.02932626452242,2.2664997577667236,2.4531811658270195,107.26277075205992,3.3699939250946045,6.3052796942042555,,,,,1.1625896,73.0,99.57467,78,,,,,0.514,0.261,,2.0
5/27/26 10:42:30,Jerry Gamblin,,,7 Iron,62.37818500188392,2.3132333755493164,-1.7096179723739624,7.098611831665039,8.808229446411133,80.88898129691887,1.2967511205155438,17.695398330688477,5.61704158782959,5020.82080078125,-602.1198120117188,5056.79638671875,Estimated,6.838513374328613,11.560748985537499,96.74491949073078,7.6588850021362305,12.893718475849088,111.51254542126325,7.904402256011963,15.335290555044526,,,,,1.1625896,73.0,99.57467,78,,,,,0.55,0.225,,2.4
5/27/26 10:42:47,Jerry Gamblin,,,7 Iron,66.72847928024653,-1.5313156843185425,-2.2038066387176514,0.9390082955360413,3.142814874649048,85.69388365694346,1.2842175422138118,16.02821159362793,0.4955669641494751,4566.25732421875,-333.3680114746094,4578.41015625,Estimated,4.1755757331848145,11.54283838947927,104.83660827262925,1.7583619356155396,3.2170420660851615,121.26279315297685,1.918568730354309,4.059866344521991,,,,,1.1625896,73.0,99.57467,78,,,,,0.55,0.215,,2.6
5/27/26 10:43:05,Jerry Gamblin,,,7 Iron,62.53608397782148,-0.9572919607162476,-6.182296276092529,1.3685429096221924,7.550839424133301,77.50331800839008,1.2393375644672084,10.796409606933594,0.3505800664424896,1000.0000610351562,-39.872047424316406,1000.7946166992188,Estimated,2.283290386199951,2.9587260694328568,58.94598789832515,0.4965343773365021,0.510701285520355,113.43794127670381,0.565791130065918,1.1204801050071016,,,,,1.1625896,73.0,99.57467,78,,,,,0.472,0.231,,2.0
5/27/26 10:43:29,Jerry Gamblin,,,7 Iron,64.82402341401654,1.2534714937210083,-5.519612789154053,6.435201168060303,11.954813957214355,80.41146147993521,1.2404577384276996,17.322790145874023,4.595367431640625,4805.5546875,-1852.5325927734375,5150.26513671875,Estimated,21.081562042236328,10.570538012687303,92.9991487651568,10.57958984375,17.074769980429767,106.83750543068713,11.318684577941895,20.968548999162277,,,,,1.1625896,73.0,99.57467,78,,,,,0.547,0.228,,2.4
5/27/26 10:43:43,Jerry Gamblin,,,7 Iron,64.6390570174308,-0.6921677589416504,-2.6082451343536377,2.082479476928711,4.6907243728637695,83.68305248623673,1.2946205645244864,6.2151265144348145,1.384234070777893,2159.912353515625,-1239.0506591796875,2490.073974609375,Estimated,29.84107780456543,1.6124375744650266,54.66712741401252,4.522250175476074,4.31033804660707,112.39618349784524,6.159375190734863,12.059442223109182,,,,,1.1625896,73.0,99.57467,78,,,,,0.485,0.222,,2.2
5/27/26 10:44:13,Jerry Gamblin,,,7 Iron,64.87978383653405,-0.4017152488231659,-4.154813289642334,2.9481959342956543,7.103009223937988,78.46591808835181,1.2094047397884111,17.882736206054688,1.9018357992172241,1601.0093994140625,-659.5953979492188,1731.5592041015625,Estimated,22.391036987304688,8.485641587959083,88.24417701647768,5.329949378967285,8.197109738881402,126.02123584230011,6.329733371734619,13.893851040750873,,,,,1.1625896,73.0,99.57467,78,,,,,0.545,0.23,,2.4
5/27/26 10:44:30,Jerry Gamblin,,,7 Iron,66.21548680637936,2.7696566581726074,-5.949707984924316,3.1281564235687256,9.077864646911621,82.26627098635085,1.2424022680208568,0.6303582191467285,1.825069546699524,1363.197021484375,-704.0787353515625,1534.285888671875,Estimated,27.315937042236328,0.01266585664590617,5.31010896827918,2.022843360900879,0.18742934442984882,68.37111862729958,2.2208774089813232,2.6495842065919626,,,,,1.1625896,73.0,99.57467,78,,,,,0.463,0.23,,2.0
5/27/26 10:44:47,Jerry Gamblin,,,7 Iron,67.14870695907385,2.921268939971924,-4.755696773529053,3.086648941040039,7.842345714569092,81.29991628309617,1.2107443309764292,15.928620338439941,1.9403774738311768,4963.60498046875,-127.80998992919922,4965.25,Estimated,1.4750077724456787,10.096781731486216,95.14040208551202,2.365295648574829,3.926548797210266,111.92054781909586,2.422285318374634,4.730414947916934,,,,,1.1625896,73.0,99.57467,78,,,,,0.567,0.228,,2.5
5/27/26 10:45:13,Jerry Gamblin,,,7 Iron,64.0148850279189,5.61300802230835,-10.341208457946777,-14.18177318572998,-3.840564727783203,49.1919863966421,0.7684460633677298,14.577922821044922,-12.943195343017578,2949.840576171875,227.80307006835938,2958.62353515625,Estimated,-4.415934085845947,2.170487755969858,31.748625237172046,-13.340956687927246,-7.325848882279684,60.30401011255887,-13.591641426086426,-14.17145954342339,,,,,1.1625896,73.0,99.57467,78,,,,,0.51,0.255,,2.0
5/27/26 10:45:36,Jerry Gamblin,,,7 Iron,64.54554129773237,-0.7900608777999878,-3.077878475189209,5.053223133087158,8.131101608276367,74.99009264138398,1.161816775158388,17.73431968688965,3.7657063007354736,3488.892822265625,-168.46783447265625,3492.957763671875,Estimated,2.764488697052002,8.932144518808013,84.48116005457814,4.392086505889893,6.469735844763141,107.55117588260147,4.512450695037842,8.4617694844724,,,,,1.1625896,73.0,99.57467,78,,,,,0.555,0.226,,2.5
5/27/26 10:45:52,Jerry Gamblin,,,7 Iron,63.71735246504044,0.004214270040392876,-1.1661944389343262,1.8109453916549683,2.977139949798584,81.35247247596254,1.27677107300712,13.758036613464355,1.3416292667388916,2807.006103515625,-230.54100036621094,2816.45751953125,Estimated,4.695196628570557,6.997979532076618,88.56205176806513,2.2889273166656494,3.5370040231906628,127.76380657419654,2.5706262588500977,5.73032067099477,,,,,1.1625896,73.0,99.57467,78,,,,,0.559,0.222,,2.5
5/27/26 10:46:05,Jerry Gamblin,,,7 Iron,67.19464562838643,2.4493188858032227,-3.520129919052124,0.4431045949459076,3.9632344245910645,86.41059004415678,1.2859743397121595,10.089418411254883,-0.07648710906505585,2560.47119140625,460.1686096191406,2601.493408203125,Estimated,-10.18844985961914,4.767368784726761,85.2028403695174,-1.8724167346954346,-2.7839434011297484,131.1189296051586,-2.502645492553711,-5.725449047272183,,,,,1.1625896,73.0,99.57467,78,,,,,0.542,0.219,,2.5
5/27/26 10:46:33,Jerry Gamblin,,,7 Iron,66.31509952231143,1.8259363174438477,-4.290679931640625,6.443169593811035,10.73384952545166,82.9823032480184,1.2513334647126535,19.67136573791504,4.755685806274414,4448.20068359375,-149.18539428710938,4450.70166015625,Estimated,1.9208871126174927,14.092383005070458,104.18827660961935,5.346210956573486,9.707632757338743,118.67094331943248,5.406641006469727,11.181644671649549,,,,,1.1625896,73.0,99.57467,78,,,,,0.56,0.223,,2.5
5/27/26 10:46:45,Jerry Gamblin,,,7 Iron,67.48967368686378,2.316533327102661,-4.1785478591918945,1.587825894355774,5.766373634338379,89.40369893417413,1.3247018995674253,18.198345184326172,0.7814270257949829,4395.373046875,-73.904541015625,4395.994140625,Estimated,0.9632901549339294,15.297154011897424,116.34190042917915,1.1005624532699585,2.23480940699473,131.5457468374925,1.133496642112732,2.602489758038458,,,,,1.1625896,73.0,99.57467,78,,,,,0.484,0.225,,2.2
5/27/26 10:47:05,Jerry Gamblin,,,7 Iron,67.1210806115491,-0.7785620093345642,-7.068044662475586,-0.13660447299480438,6.931440353393555,81.31153854883476,1.21141581464414,15.793583869934082,-0.9966132044792175,2362.02197265625,-480.4261779785156,2410.38525390625,Estimated,11.49691104888916,8.318873736697753,92.65490821444561,1.2456837892532349,2.0144428741692035,128.89119479495605,1.85930597782135,4.18218206337222,,,,,1.1625896,73.0,99.57467,78,,,,,0.489,0.228,,2.1
5/27/26 10:47:22,Jerry Gamblin,,,7 Iron,63.56030254596118,0.2054499238729477,-4.973182201385498,10.254644393920898,15.227827072143555,80.39675018321469,1.264889356451362,19.533592224121094,7.801117897033691,4685.30810546875,-1462.2730712890625,4908.1923828125,Estimated,17.33301544189453,12.681016980402323,96.88282263247673,12.940187454223633,21.695354374896407,110.69366208107348,13.5338134765625,25.904437271211613,,,,,1.1625896,73.0,99.57467,78,,,,,0.497,0.224,,2.2
5/27/26 10:47:47,Jerry Gamblin,,,7 Iron,59.92026779595322,2.220961570739746,-3.237288475036621,5.593601226806641,8.830889701843262,76.0694017731128,1.269510377225821,9.08694839477539,4.189638614654541,5161.6396484375,35.680843353271484,5161.76318359375,Estimated,-0.3960619866847992,3.505323085467855,66.8670791132035,4.109945297241211,4.792357367167636,103.54751259844656,4.123598098754883,7.446024987328396,,,,,1.1625896,73.0,99.57467,78,,,,,0.5,0.239,,2.1
5/27/26 10:48:08,Jerry Gamblin,,,7 Iron,68.26268662361905,0.49812379479408264,-5.1206231117248535,-0.6886168718338013,4.432006359100342,89.71870329521687,1.3143154442470186,18.636323928833008,-1.2063738107681274,3724.4140625,-123.18285369873047,3726.45068359375,Measured,1.894334316253662,15.424911327145127,118.49947384544767,-0.6145305037498474,-1.2710810437707243,135.49957375513912,-0.5442860722541809,-1.287718066393234,,,,,1.1625896,73.0,99.57467,78,,,,,0.549,0.22,,2.5
5/27/26 10:48:25,Jerry Gamblin,,,7 Iron,68.2313952517663,2.48980712890625,-1.5394781827926636,5.903988838195801,7.443467140197754,86.29662869398135,1.2647642390362432,21.556652069091797,4.657040119171143,4038.63134765625,548.9976196289062,4075.77490234375,Estimated,-7.741142272949219,17.27172708886815,113.32475189983272,2.163198947906494,4.277583651655302,127.38940388303207,1.9095710515975952,4.2449604077810585,,,,,1.1625896,73.0,99.57467,78,,,,,0.507,0.23,,2.2
5/27/26 10:48:42,Jerry Gamblin,,,7 Iron,65.03873666696406,0.9214597940444946,-5.720185279846191,6.717023849487305,12.437209129333496,83.61572526400654,1.285629603972282,17.696821212768555,4.8017659187316895,5439.9384765625,-1727.823974609375,5707.74072265625,Estimated,17.62080192565918,12.484303922477983,100.58083454976453,10.447001457214355,18.23789282837982,112.61808173445787,11.008254051208496,21.504452639468802,,,,,1.1625896,73.0,99.57467,78,,,,,0.505,0.234,,2.2
5/27/26 10:48:59,Jerry Gamblin,,,7 Iron,63.730088317914785,0.6081238389015198,-2.760242462158203,3.1499762535095215,5.910218715667725,83.63084615599537,1.3122662836870165,16.730104446411133,2.2420809268951416,5595.0380859375,-1627.0020751953125,5826.79931640625,Estimated,16.214099884033203,11.666166292192221,99.51629037932148,7.399026870727539,12.815563906104755,112.1156297017896,7.942208290100098,15.491524602067335,,,,,1.1625896,73.0,99.57467,78,,,,,0.452,0.227,,2.0
5/27/26 10:49:18,Jerry Gamblin,,,7 Iron,62.9971645180464,-1.4974373579025269,-1.9855499267578125,8.166352272033691,10.151902198791504,81.53365864955107,1.2942433087793126,20.336383819580078,6.459580898284912,4561.30126953125,-165.91610717773438,4564.31787109375,Estimated,2.083200216293335,14.178340933558614,101.78197191560467,7.098155975341797,12.57710465191752,115.66842113371388,7.160426616668701,14.417828537347749,,,,,1.1625896,73.0,99.57467,78,,,,,0.565,0.194,,2.9
5/27/26 10:49:39,Jerry Gamblin,,,7 Iron,67.99759741928548,-0.05421600118279457,-1.3170089721679688,7.875287055969238,9.192296028137207,88.00844678557935,1.294287594352832,19.94662094116211,6.304145812988281,5059.0537109375,-803.3683471679688,5122.443359375,Estimated,9.023122787475586,16.88353867251312,113.73352190953852,9.479920387268066,18.732134751447543,126.12774198970979,9.753687858581543,21.367659197496096,,,,,1.1625896,73.0,99.57467,78,,,,,0.536,0.231,,2.3
5/27/26 10:49:55,Jerry Gamblin,,,7 Iron,65.08854089162139,2.221930742263794,-1.76475989818573,4.843869209289551,6.60862922668457,86.02665421274959,1.3216866292331264,18.158647537231445,3.758044958114624,5185.20947265625,-700.2146606445312,5232.27490234375,Estimated,7.690741539001465,14.152434032837341,107.91751030548977,6.328556060791016,11.895771936064525,121.19490122023322,6.582221984863281,13.892425326850471,,,,,1.1625896,73.0,99.57467,78,,,,,0.557,0.224,,2.5
5/27/26 10:50:08,Jerry Gamblin,,,7 Iron,65.25955971599734,5.796183109283447,-5.131152153015137,-1.0074408054351807,4.123711585998535,62.5467547878847,0.958430535849177,7.87832498550415,-1.4695804119110107,2012.9967041015625,-326.8024597167969,2039.3516845703125,Estimated,9.221303939819336,1.1610572836634785,33.45475317820685,-0.8249568343162537,-0.48172703356671936,76.34246338905207,-0.4614007771015167,-0.6149258148430318,,,,,1.1625896,73.0,99.57467,78,,,,,0.526,0.237,,2.2
5/27/26 10:50:32,Jerry Gamblin,,,7 Iron,69.24605659697853,4.386268138885498,-10.944632530212402,-10.713285446166992,0.23134708404541016,47.67963693409881,0.6885538220840616,7.509506702423096,-10.169604301452637,2662.6103515625,-73.39826965332031,2663.621826171875,Estimated,1.5790318250656128,0.5628555778443344,16.4905777127724,-10.099756240844727,-2.8918332836655076,27.820377733659452,-10.110189437866211,-4.883640603026276,,,,,1.1625896,73.0,99.57467,78,,,,,0.472,0.231,,2.0
5/27/26 10:50:55,Jerry Gamblin,,,7 Iron,65.12472607360709,0.3055594265460968,-2.304198980331421,2.30074143409729,4.604940414428711,85.03917122023739,1.3057893114839676,17.566856384277344,1.601563811302185,5194.1171875,-1100.27099609375,5309.37353515625,Estimated,11.960177421569824,13.024236482168016,104.53914198454075,5.477006435394287,9.97792183049186,118.22634585990473,5.892454147338867,12.137297465940994,,,,,1.1625896,73.0,99.57467,78,,,,,0.569,0.222,,2.6
5/27/26 10:51:11,Jerry Gamblin,,,7 Iron,64.43125141801882,4.325980186462402,-7.098033905029297,-3.650452136993408,3.4475817680358887,84.19908279167727,1.3068050199026584,12.820194244384766,-3.8867197036743164,3880.054931640625,-273.7866516113281,3889.702392578125,Estimated,4.036247730255127,7.575012984655452,94.17599789009529,-2.8854763507843018,-4.740818383291116,129.17987526453908,-2.6135928630828857,-5.890610754124866,,,,,1.1625896,73.0,99.57467,78,,,,,0.515,0.228,,2.3
5/27/26 10:51:59,Jerry Gamblin,,,7 Iron,62.021798718888675,0.4673269987106323,-2.663797616958618,1.1974045038223267,3.8612022399902344,83.22451911658668,1.3418591662231287,18.944534301757812,0.6502622365951538,4507.50146484375,276.02923583984375,4515.9453125,Estimated,-3.5042884349823,13.489490627512428,103.8199313773675,-0.42336153984069824,-0.7667080910708544,118.56071592315914,-0.5467968583106995,-1.131455338220271,,,,,1.1625896,73.0,99.57467,78,,,,,0.539,0.236,,2.3
5/27/26 10:52:15,Jerry Gamblin,,,7 Iron,65.13798245380158,4.863892078399658,-8.991924285888672,3.7181596755981445,12.710083961486816,75.97507539611249,1.1663713325784535,7.875735282897949,1.9290482997894287,1000.0000610351562,-577.3502197265625,1154.7005615234375,Estimated,30.0,1.5394075440400958,44.222662350845674,3.511399745941162,2.708505718518221,101.8704391839936,4.408377647399902,7.830325804148863,,,,,1.1625896,73.0,99.57467,78,,,,,0.515,0.244,,2.1
5/27/26 10:52:29,Jerry Gamblin,,,7 Iron,62.27609764787241,1.5643833875656128,-3.981842517852783,2.159904956817627,6.14174747467041,77.718227525737,1.2479623878358432,17.465065002441406,1.2759590148925781,4493.67529296875,-188.11277770996094,4497.61083984375,Estimated,2.3970978260040283,10.034489402203631,89.9598813328113,1.9157105684280396,3.0073062015643583,105.62192528058016,2.003009080886841,3.691806620083039,,,,,1.1625896,73.0,99.57467,78,,,,,0.478,0.237,,2.0
5/27/26 10:52:47,Jerry Gamblin,,,7 Iron,64.6112258722719,2.4010109901428223,-2.3373138904571533,-1.970839023590088,0.36647486686706543,82.18754336248574,1.2720319457327736,2.162992238998413,-1.9113529920578003,1925.220703125,17.655996322631836,1925.3016357421875,Estimated,-0.5254388451576233,0.19891629173165334,21.1394657091623,-1.9301625490188599,-0.7120264353506,102.63953621931903,-1.995373249053955,-3.5738128898233463,,,,,1.1625896,73.0,99.57467,78,,,,,0.46,0.235,,2.0
5/27/26 10:53:10,Jerry Gamblin,,,7 Iron,64.59801215825118,0.07434800267219543,-4.408276557922363,-5.780186653137207,-1.3719100952148438,91.04081708871217,1.409343941817928,17.86682891845703,-5.2995710372924805,2893.0654296875,208.9752960205078,2900.60302734375,Measured,-4.131480693817139,14.233262728726979,121.12635014251148,-6.440833568572998,-13.587652124653546,141.5137710638038,-6.589665412902832,-16.23988360140476,,,,,1.1625896,73.0,99.57467,78,,,,,0.506,0.223,,2.3
5/27/26 10:53:38,Jerry Gamblin,,,7 Iron,63.20791408344943,3.6032588481903076,-5.446387767791748,-2.4224355220794678,3.0239522457122803,48.606713157768496,0.7689972666017124,5.76704740524292,-2.6713337898254395,2374.44921875,-239.89242553710938,2386.53662109375,Estimated,5.76906156539917,0.3461322029327366,13.641720785973684,-2.472984552383423,-0.588618420970513,27.85072134757188,-2.3857290744781494,-1.1593896051508652,,,,,1.1625896,73.0,99.57467,78,,,,,0.49,0.237,,2.1
5/27/26 10:53:53,Jerry Gamblin,,,7 Iron,63.59688878998043,2.507924795150757,-5.375260829925537,0.43579691648483276,5.8110575675964355,82.08599786888128,1.2907234839735395,19.29058837890625,-0.31461676955223083,2131.0341796875,518.2687377929688,2193.150390625,Estimated,-13.668999671936035,11.484998417651559,101.87683873080623,-3.1365010738372803,-5.5741575446341605,126.26161516912131,-3.6616392135620117,-8.063690243117765,,,,,1.1625896,73.0,99.57467,78,,,,,0.472,0.241,,2.0
5/27/26 10:54:15,Jerry Gamblin,,,7 Iron,60.32078796911001,-5.006131172180176,0.12271569669246674,6.723392486572266,6.600677013397217,73.2210506775077,1.213860977993256,19.461238861083984,5.538102149963379,2213.331787109375,-1051.013671875,2450.197509765625,Estimated,25.40097999572754,8.772409285564539,80.84366432116518,10.109975814819336,14.191158800300338,107.17335231243678,11.200888633728027,20.818368239248414,,,,,1.1625896,73.0,99.57467,78,,,,,0.518,0.211,,2.5
5/27/26 10:54:39,Jerry Gamblin,,,7 Iron,61.89380873077327,0.781762957572937,-4.198660373687744,-1.3606480360031128,2.838012218475342,76.61620292308592,1.2378653777206112,16.662765502929688,-1.6430330276489258,3918.645263671875,-757.9981689453125,3991.283203125,Estimated,10.947731018066406,8.686760070547136,85.61292866917941,0.9791879057884216,1.4632508771417438,109.23620075482813,1.5273905992507935,2.9118811468856958,,,,,1.1625896,73.0,99.57467,78,,,,,0.469,0.258,,1.8
5/27/26 10:55:45,Jerry Gamblin,,,7 Iron,62.614393473183505,1.4327080249786377,-4.71463680267334,-1.2693250179290771,3.4453117847442627,85.33472833926966,1.362861214583462,17.33635711669922,-1.6325807571411133,3966.2900390625,-521.5639038085938,4000.435791015625,Estimated,7.491365432739258,12.3378736140534,106.2341875291559,0.5435666441917419,1.00777824250419,123.61089284234369,0.8339216113090515,1.7988465380898089,,,,,1.1625896,73.0,99.57467,78,,,,,0.497,0.236,,2.1
5/27/26 10:56:03,Jerry Gamblin,,,7 Iron,65.05768044812388,1.1075502634048462,-2.374558448791504,0.3647606074810028,2.739319086074829,88.62122690669109,1.3621946908690739,18.2531681060791,0.002501264214515686,4155.6279296875,-107.31451416015625,4157.01318359375,Estimated,1.4792718887329102,14.846563756413765,115.05439004038679,0.4756011366844177,0.9554789474108505,130.81855974172356,0.528231143951416,1.2063758475469688,,,,,1.1625896,73.0,99.57467,78,,,,,0.537,0.226,,2.4
5/27/26 10:56:23,Jerry Gamblin,,,7 Iron,64.59737643226181,2.5820748805999756,-6.194159030914307,2.1707119941711426,8.36487102508545,83.52216687813433,1.2929653105295609,18.050111770629883,1.0080156326293945,5453.7216796875,-1146.086181640625,5572.84423828125,Estimated,11.867876052856445,13.006081835595745,101.85317626045341,4.8582916259765625,8.626180788141953,114.75202605480284,5.257882595062256,10.51576327359791,,,,,1.1625896,73.0,99.57467,78,,,,,0.496,0.231,,2.1
5/27/26 10:56:39,Jerry Gamblin,,,7 Iron,65.23849115938312,-0.7490150928497314,-1.9889330863952637,0.3181731700897217,2.3071062564849854,87.6771354129166,1.3439479340304483,19.898834228515625,0.01248544454574585,4005.64306640625,-183.99307250976562,4009.866455078125,Estimated,2.6299452781677246,16.145233719993453,115.0844687447669,0.8527162671089172,1.712921984030923,130.44929671266678,0.9431533217430115,2.147206744914084,,,,,1.1625896,73.0,99.57467,78,,,,,0.528,0.225,,2.3
5/27/26 10:57:00,Jerry Gamblin,,,7 Iron,65.89663395646136,2.7376065254211426,-3.913360834121704,-3.047154426574707,0.8662064075469971,86.52529378575603,1.3130457292086308,19.424711227416992,-2.992669105529785,4587.9560546875,271.2122802734375,4595.96533203125,Estimated,-3.3830437660217285,15.464827144552716,111.24305524851081,-4.105129718780518,-7.963511678907606,125.39090134027437,-4.215796947479248,-9.217904725829865,,,,,1.1625896,73.0,99.57467,78,,,,,0.578,0.227,,2.5
5/27/26 10:57:20,Jerry Gamblin,,,7 Iron,65.2838538353496,1.9351427555084229,-1.118495225906372,1.096875548362732,2.2153706550598145,87.97724927930894,1.3476111490169322,12.032696723937988,0.7610446214675903,1988.3690185546875,-342.0205078125,2017.5701904296875,Estimated,9.759969711303711,6.1373552103785185,93.69012460516716,2.3785810470581055,3.8884763955444175,140.52250045282426,2.912217617034912,7.1392691354426185,,,,,1.1625896,73.0,99.57467,78,,,,,0.536,0.233,,2.3
5/27/26 10:58:07,Jerry Gamblin,,,7 Iron,63.12435238209467,4.551870346069336,-6.807848930358887,10.277505874633789,17.08535385131836,66.20634771195496,1.0488241892955166,20.221681594848633,7.590331554412842,2769.549560546875,551.6964111328125,2823.964111328125,Estimated,-11.265894889831543,7.781890642194506,69.44708936796414,5.587353706359863,6.761585842175955,91.49780840802798,5.103729248046875,8.139502345107672,,,,,1.1625896,73.0,99.57467,78,,,,,0.545,0.226,,2.4
5/27/26 10:58:24,Jerry Gamblin,,,7 Iron,66.09550952570048,3.5084917545318604,-6.825726509094238,0.6823023557662964,7.508028984069824,85.56938376184353,1.294632333964698,14.256030082702637,-0.29362404346466064,4623.205078125,-309.5736389160156,4633.55810546875,Estimated,3.8308544158935547,9.75795305307143,101.22728890112796,0.8180491924285889,1.445129344261016,124.50451821688488,1.0162558555603027,2.2081922567005443,,,,,1.1625896,73.0,99.57467,78,,,,,0.533,0.224,,2.4
5/27/26 10:58:42,Jerry Gamblin,,,7 Iron,63.337555252490255,2.3424015045166016,-3.46584153175354,9.725676536560059,13.19151782989502,78.64555121321463,1.2416890879305373,16.89571762084961,7.555221080780029,5964.20556640625,-1379.14404296875,6121.58349609375,Estimated,13.020051956176758,10.233629406906488,89.95008593782039,11.438865661621094,17.83911011663322,102.48432843599629,11.877348899841309,21.093041878046954,,,,,1.1625896,73.0,99.57467,78,,,,,0.558,0.227,,2.5
5/27/26 10:59:08,Jerry Gamblin,,,7 Iron,67.80481457966263,0.5893556475639343,-1.0063279867172241,-4.341489315032959,-3.3351612091064453,84.81418395264284,1.2508578406773196,15.683653831481934,-3.6921164989471436,4314.64697265625,930.2734375,4413.79541015625,Estimated,-12.16718578338623,10.604090786564278,101.50562329763711,-7.176874160766602,-12.681343424038625,120.43514068149624,-7.692686557769775,-16.121389776181466,,,,,1.1625896,73.0,99.57467,78,,,,,0.544,0.215,,2.5
5/27/26 10:59:27,Jerry Gamblin,,,7 Iron,67.33778637481231,5.599255084991455,-7.183961868286133,-3.2558202743530273,3.9281415939331055,76.94434846565395,1.142662279353379,1.3631967306137085,-3.573312282562256,1302.22412109375,-332.5200500488281,1344.0079345703125,Estimated,14.324261665344238,0.05313078771008803,9.853825272954772,-3.3830981254577637,-0.5814942188254596,62.1758984142714,-3.229860782623291,-3.503126109366029,,,,,1.1625896,73.0,99.57467,78,,,,,0.556,0.225,,2.5
5/27/26 10:59:51,Jerry Gamblin,,,7 Iron,63.03287183888571,-0.6956160068511963,-3.0107836723327637,-2.8483269214630127,0.16245675086975098,79.00807715861731,1.2534424476258166,12.178529739379883,-2.7164108753204346,2705.865966796875,-381.4222412109375,2732.61669921875,Estimated,8.02362060546875,5.1992338994878065,78.08646087779982,-1.311644196510315,-1.7874588177898738,118.05123857312941,-0.8372002840042114,-1.7250358589052215,,,,,1.1625896,73.0,99.57467,78,,,,,0.523,0.23,,2.3
5/27/26 11:00:14,Jerry Gamblin,,,7 Iron,62.71932239436899,0.031307052820920944,-2.0042004585266113,6.772251605987549,8.77645206451416,79.57557993611013,1.2687570097736662,19.67007827758789,5.3121018409729,5499.8310546875,-1596.627685546875,5726.89794921875,Estimated,16.188270568847656,12.814017209898248,94.98167329990123,10.347712516784668,17.060737075872414,107.23758974517528,10.877408981323242,20.236612304927796,,,,,1.1625896,73.0,99.57467,78,,,,,0.525,0.222,,2.4
5/27/26 11:00:36,Jerry Gamblin,,,7 Iron,64.50359191566855,6.697041034698486,-5.990941524505615,-1.5696669816970825,4.421274662017822,55.74167926736448,0.8641639575706215,5.916539192199707,-2.0389888286590576,1911.838134765625,-348.63372802734375,1943.36572265625,Estimated,10.33463191986084,0.4928151662164056,18.547682624476476,-1.6293081045150757,-0.5273979193060834,30.41091553495312,-1.4737918376922607,-0.7821553674374144,,,,,1.1625896,73.0,99.57467,78,,,,,0.513,0.24,,2.1
5/27/26 11:00:56,Jerry Gamblin,,,7 Iron,62.86372179292148,-4.489478588104248,0.09658791124820709,14.815970420837402,14.719382286071777,72.47860805426825,1.1529480913175811,22.313161849975586,12.182260513305664,3460.27880859375,-1114.45166015625,3635.3173828125,Estimated,17.852190017700195,11.506781490456088,84.33551404524141,16.419591903686523,23.83906071580301,98.62568539062927,16.98268699645996,28.806852856333176,,,,,1.1625896,73.0,99.57467,78,,,,,0.552,0.207,,2.7
5/27/26 11:01:13,Jerry Gamblin,,,7 Iron,65.40326792253455,3.127178430557251,-4.233823776245117,0.7729173302650452,5.006741046905518,83.5674356885185,1.277725690824778,10.933000564575195,0.10512619465589523,2702.4111328125,-558.2409057617188,2759.467041015625,Estimated,11.67150592803955,5.043281970687426,82.90092254665372,2.2121357917785645,3.199892563456938,125.64481399816478,2.9305107593536377,6.42353311924171,,,,,1.1625896,73.0,99.57467,78,,,,,0.481,0.234,,2.1
5/27/26 11:01:32,Jerry Gamblin,,,7 Iron,62.746816476755,4.10261344909668,-3.8066163063049316,4.093740463256836,7.900356769561768,80.42290454774391,1.2817049384096983,7.820452690124512,2.886380910873413,2525.4140625,-871.4454956054688,2671.541259765625,Estimated,19.038036346435547,2.407576051179714,61.05375832251468,5.3436079025268555,5.685861759402725,110.42133508183304,6.456918239593506,12.417555063936863,,,,,1.1625896,73.0,99.57467,78,,,,,0.478,0.229,,2.1
5/27/26 11:02:02,Jerry Gamblin,,,7 Iron,66.50078271061673,5.863969802856445,-4.108458518981934,-15.789080619812012,-11.680622100830078,51.2074895133781,0.7700283729924118,2.5799338817596436,-13.483589172363281,1920.1197509765625,852.6637573242188,2100.92724609375,Estimated,-23.944477081298828,0.0758514733869364,6.959664644323101,-13.855463027954102,-1.666654986659373,27.291088488053983,-14.239248275756836,-6.712828408388954,,,,,1.1625896,73.0,99.57467,78,,,,,0.512,0.237,,2.2
5/27/26 11:02:22,Jerry Gamblin,,,7 Iron,64.94614680323673,6.020378589630127,-6.519732475280762,-2.3626773357391357,4.157054901123047,52.29813078086378,0.8052537887937856,6.781949520111084,-2.7565512657165527,2135.189697265625,-334.25836181640625,2161.19482421875,Estimated,8.89729118347168,0.5602685381004087,18.510234428933078,-2.372401237487793,-0.7662241618464313,29.18792417564626,-2.2406184673309326,-1.1411547817270273,,,,,1.1625896,73.0,99.57467,78,,,,,0.446,0.249,,1.8
5/27/26 11:02:42,Jerry Gamblin,,,7 Iron,66.92053679491507,1.7500420808792114,-4.255475044250488,3.9147303104400635,8.170205116271973,86.97576324856102,1.2996871724909693,19.166215896606445,2.683173656463623,3735.325439453125,-630.2879638671875,3788.128662109375,Estimated,9.577704429626465,14.731507497405339,112.54364841357722,5.574044227600098,10.931667067560312,129.30995210262108,5.919867992401123,13.33678592638498,,,,,1.1625896,73.0,99.57467,78,,,,,0.531,0.22,,2.4
5/27/26 11:03:03,Jerry Gamblin,,,7 Iron,62.640893433720365,-2.0152597427368164,0.7250205874443054,10.829373359680176,10.104352951049805,73.32619719617949,1.1705803218430326,20.47102928161621,8.986212730407715,3270.206787109375,-582.1703491210938,3321.622314453125,Estimated,10.094188690185547,10.403913045701287,84.82052793861583,11.278611183166504,16.589199151266904,101.0050902946519,11.61122989654541,20.32929518091397,,,,,1.1625896,73.0,99.57467,78,,,,,0.574,0.211,,2.7
5/27/26 11:03:24,Jerry Gamblin,,,7 Iron,65.05334556486748,1.995842456817627,-2.611027956008911,1.5578540563583374,4.168881893157959,83.91176877741995,1.2898916734996806,14.860892295837402,0.9529465436935425,3273.276611328125,-52.434471130371094,3273.696533203125,Estimated,0.9177400469779968,8.992460456107231,98.16148879751238,1.1740320920944214,2.0114235312711326,129.86330013992696,1.2234934568405151,2.772935836438223,,,,,1.1625896,73.0,99.57467,78,,,,,0.537,0.234,,2.3
5/27/26 11:03:57,Jerry Gamblin,,,7 Iron,65.57460674321388,3.677528142929077,-3.949232578277588,8.77301025390625,12.72224235534668,86.74304487027692,1.322814564637152,19.225982666015625,6.712194442749023,4812.83935546875,-428.12750244140625,4831.84375,Estimated,5.083382606506348,15.455524022393549,111.1550301913097,8.415430068969727,16.267463395393218,124.69067243974874,8.575995445251465,18.593972957874744,,,,,1.1625896,73.0,99.57467,78,,,,,0.553,0.212,,2.6
5/27/26 11:06:23,Jerry Gamblin,,,7 Iron,61.62097134928065,5.578824043273926,-6.144681453704834,-2.6578948497772217,3.4867866039276123,77.22674733669142,1.2532543003737144,18.57868766784668,-2.952120780944824,1536.8892822265625,688.1856079101562,1683.932373046875,Estimated,-24.121797561645508,8.645354919233347,86.81847980329059,-6.5531697273254395,-9.908148414298097,124.66609217259098,-7.617802143096924,-16.5262883520919,,,,,1.1622791,73.0,99.5483,78,,,,,0.522,0.267,,2.0
5/27/26 11:06:40,Jerry Gamblin,,,7 Iron,64.81709442739411,2.1382548809051514,-5.667874336242676,-0.2436317652463913,5.4242424964904785,83.771909059758,1.2924354261759823,9.702338218688965,-0.9093287587165833,3743.279052734375,-255.79458618164062,3752.0087890625,Estimated,3.909193277359009,4.753708735121412,82.63401889216973,-0.08622923493385315,-0.12545898550190845,122.19311371250103,0.18130822479724884,0.3864101524532415,,,,,1.1622791,73.0,99.5483,78,,,,,0.517,0.228,,2.3
5/27/26 11:06:56,Jerry Gamblin,,,7 Iron,69.36748026094867,6.1643829345703125,-6.43133544921875,-3.343050956726074,3.088284492492676,86.06050555502934,1.240646268702342,3.490363121032715,-3.5507915019989014,2325.86669921875,516.6480102539062,2382.5576171875,Estimated,-12.523850440979004,0.6545134938190824,43.1636416484469,-4.5742316246032715,-3.4423207673500844,111.14815505887996,-5.246018409729004,-10.162624265682458,,,,,1.1622791,73.0,99.5483,78,,,,,0.64,0.219,,2.9
5/27/26 11:09:02,Jerry Gamblin,,,7 Iron,63.55242637028076,2.743208169937134,-5.754724502563477,5.801075458526611,11.55579948425293,81.28424073084815,1.2790108163180907,14.589734077453613,4.045063495635986,4980.283203125,-918.0001220703125,5064.1826171875,Estimated,10.443923950195312,8.788909811986088,91.96429949315723,6.937913417816162,11.10868712631319,115.52968363123615,7.4945454597473145,15.068746718626114,,,,,1.1622791,73.0,99.5483,78,,,,,0.599,0.244,,2.5
5/27/26 11:09:17,Jerry Gamblin,,,7 Iron,66.72763449000561,3.4377055168151855,-1.9733744859695435,4.37453556060791,6.347909927368164,85.79532675173083,1.2857540568830017,8.929875373840332,3.3464207649230957,3239.088134765625,-256.68658447265625,3249.242919921875,Estimated,4.53102445602417,4.222278311288054,82.19864946233527,4.217143535614014,6.044638438487616,126.1372537020519,4.515618324279785,9.931015113103005,,,,,1.1622791,73.0,99.5483,78,,,,,0.608,0.219,,2.8
5/27/26 11:09:37,Jerry Gamblin,,,7 Iron,68.3934413797956,2.483691692352295,-7.285153865814209,-5.146513938903809,2.1386399269104004,50.51612256677473,0.7386106262185823,8.8169527053833,-5.13903284072876,2986.47021484375,-200.7438507080078,2993.20947265625,Estimated,3.8455097675323486,0.8989053135468891,22.014096861644887,-4.905124664306641,-1.8823296744262348,60.27228354573354,-4.871781826019287,-5.11872799690627,,,,,1.1622791,73.0,99.5483,78,,,,,0.541,0.224,,2.4
5/27/26 11:10:04,Jerry Gamblin,,,7 Iron,64.82507726850899,0.8190929889678955,-5.078538417816162,9.854883193969727,14.933422088623047,81.9618649028759,1.2643542955357447,9.41077709197998,7.459562301635742,2539.789794921875,-1466.34814453125,2932.696533203125,Estimated,30.0,3.406901893548974,69.33286538378565,11.95745849609375,14.364727734476459,115.45595117337018,13.730456352233887,27.404006697687265,,,,,1.1622791,73.0,99.5483,78,,,,,0.53,0.223,,2.4
5/27/26 11:10:30,Jerry Gamblin,,,7 Iron,64.85418839888139,1.7311692237854004,-3.9857912063598633,0.7259503602981567,4.7117414474487305,87.40629054173966,1.3477354770697778,16.71269416809082,0.09758201241493225,4494.70361328125,-146.7948760986328,4497.10009765625,Estimated,1.8705880641937256,12.88370197526426,109.79573140515639,0.6852844953536987,1.3133643597546942,125.8464622998175,0.7551106810569763,1.6586578997831436,,,,,1.1622791,73.0,99.5483,78,,,,,1.508,0.227,,6.6
5/27/26 11:10:48,Jerry Gamblin,,,7 Iron,64.81828481364268,-0.2527303397655487,-4.196522235870361,5.160515785217285,9.357038497924805,83.03699274957394,1.281073588854,16.163677215576172,3.7138664722442627,4469.0966796875,-908.9609985351562,4560.595703125,Estimated,11.496468544006348,10.555611299196045,98.54933304006555,6.989011764526367,11.991399062482913,115.69833296594761,7.444447994232178,14.990411718373537,,,,,1.1622791,73.0,99.5483,78,,,,,0.55,0.225,,2.4
5/27/26 11:11:02,Jerry Gamblin,,,7 Iron,66.60752921080538,3.927008867263794,-4.380856513977051,-2.523179292678833,1.8576772212982178,84.48250565088554,1.2683627009119023,6.480648994445801,-2.620760202407837,1365.4075927734375,-365.18121337890625,1413.3984375,Estimated,14.973426818847656,1.526414461544701,52.16397012625467,-1.574206829071045,-1.4330244648383568,117.34801431757676,-0.9883376955986023,-2.024292241869949,,,,,1.1622791,73.0,99.5483,78,,,,,0.527,0.232,,2.3
5/27/26 11:11:26,Jerry Gamblin,,,7 Iron,64.87051247697092,-0.9620486497879028,-7.738441467285156,1.1232205629348755,8.861661911010742,82.54395951180264,1.27244192099,3.862701416015625,-0.045649051666259766,3709.7451171875,32.97443771362305,3709.891845703125,Estimated,-0.5092658400535583,0.9304006060068793,49.12492379950309,-0.10835236310958862,-0.0921108744458368,104.96669345431857,-0.14265252649784088,-0.2631734427608947,,,,,1.1622791,73.0,99.5483,78,,,,,0.528,0.241,,2.2
5/27/26 11:11:46,Jerry Gamblin,,,7 Iron,63.04953297974813,0.9681438207626343,-5.905295372009277,-4.4424147605896,1.4628806114196777,71.90442375396096,1.140443399906817,0.8446683287620544,-4.388011932373047,1655.418701171875,-130.83447265625,1660.580810546875,Estimated,4.518925666809082,0.01802532065884648,5.218401772873713,-4.349155902862549,-0.39573309067978946,45.06504963284924,-4.361207962036133,-3.426922379307651,,,,,1.1622791,73.0,99.5483,78,,,,,0.446,0.229,,1.9
5/27/26 11:12:16,Jerry Gamblin,,,7 Iron,65.00300801303784,1.536597490310669,-6.385591983795166,6.233823299407959,12.619415283203125,80.59985823689313,1.2399404381521386,12.457438468933105,4.32159423828125,5404.7529296875,-297.931640625,5412.9580078125,Estimated,3.155179977416992,6.998940089869061,86.54286542276698,5.161524295806885,7.785674468113056,116.93247764233634,5.338471412658691,10.879374551647917,,,,,1.1622791,73.0,99.5483,78,,,,,0.517,0.237,,2.2
5/27/26 11:12:34,Jerry Gamblin,,,7 Iron,65.31168924712588,1.1177772283554077,-6.940168380737305,3.0276541709899902,9.967823028564453,80.92622033339701,1.2390771279424264,14.420254707336426,1.6185814142227173,2045.7412109375,-266.66754150390625,2063.04833984375,Estimated,7.426774978637695,6.820800944784703,87.03876772369091,2.852727174758911,4.331863249797938,129.53647269768769,3.2477529048919678,7.338716289189857,,,,,1.1622791,73.0,99.5483,78,,,,,0.533,0.238,,2.2
5/27/26 11:13:00,Jerry Gamblin,,,7 Iron,68.13122787557505,5.85347843170166,-7.991193771362305,-8.407960891723633,-0.4167671203613281,48.408605579657475,0.7105200814531613,18.633216857910156,-7.906403541564941,1000.0000610351562,577.3502197265625,1154.7005615234375,Estimated,-30.0,14.24051853824058,110.80552482438108,-0.5047422051429749,-0.9763482648452332,126.98205228657027,-0.7181881666183472,-1.592008643054378,,,,,1.1622791,73.0,99.5483,78,,,,,0.553,0.231,,2.4
5/27/26 11:13:20,Jerry Gamblin,,,7 Iron,65.09070406663221,5.5445556640625,-4.25813627243042,-3.7944743633270264,0.46366190910339355,70.06384768311945,1.0764032850435343,1.9417983293533325,-3.649675130844116,1446.168212890625,-54.16585922241211,1447.1822509765625,Estimated,2.144996166229248,,,,,,,,,,,,1.1622791,73.0,99.5483,78,,,,,0.559,0.242,,2.3
5/27/26 11:13:54,Jerry Gamblin,,,7 Iron,64.12653387147526,2.73268723487854,-5.147593975067139,-2.361525058746338,2.786068916320801,83.70144160713737,1.3052544173819665,11.637303352355957,-2.5839130878448486,2974.781494140625,786.036865234375,3076.878173828125,Estimated,-14.80118179321289,,,,,,,,,,,,1.1622791,73.0,99.5483,78,,,,,0.534,0.221,,2.4
5/27/26 11:14:18,Jerry Gamblin,,,7 Iron,65.59534677028998,0.8596290349960327,-3.464977979660034,4.202541828155518,7.667519569396973,86.91986202767004,1.3250918900094686,18.6370849609375,3.018501043319702,5722.10986328125,-1229.4547119140625,5852.7001953125,Estimated,12.126235008239746,,,,,,,,,,,,1.1622791,73.0,99.5483,78,,,,,0.531,0.224,,2.4
5/27/26 11:14:42,Jerry Gamblin,,,7 Iron,66.33157719862658,2.863405704498291,-7.036449909210205,4.278027534484863,11.314477920532227,80.10697006411269,1.207674737240702,19.986169815063477,2.6336193084716797,1639.1343994140625,607.8070678710938,1748.196533203125,Estimated,-20.34527587890625,,,,,,,,,,,,1.1622791,73.0,99.5483,78,,,,,0.585,0.216,,2.7
5/27/26 11:14:58,Jerry Gamblin,,,7 Iron,67.01645462019749,-0.7629596590995789,-4.4749016761779785,5.056120872497559,9.531023025512695,87.0893406031724,1.2995217532281291,19.61675262451172,3.5932817459106445,5821.85546875,-1165.470703125,5937.36669921875,Estimated,11.320337295532227,,,,,,,,,,,,1.1622791,73.0,99.5483,78,,,,,0.581,0.214,,2.7
5/27/26 11:15:20,Jerry Gamblin,,,7 Iron,63.79108814657289,-0.053606417030096054,-8.266582489013672,3.455686092376709,11.722269058227539,76.85768493346512,1.2048342043777196,15.123934745788574,1.804206371307373,3517.389892578125,-626.9679565429688,3572.830810546875,Estimated,10.10671615600586,,,,,,,,,,,,1.1622791,73.0,99.5483,78,,,,,0.539,0.234,,2.3
5/27/26 11:15:36,Jerry Gamblin,,,7 Iron,65.84480735516668,0.6925102472305298,-0.5398664474487305,0.21042446792125702,0.7502909302711487,83.37957652535026,1.2663045101734611,18.89604949951172,0.1052955687046051,2649.62548828125,667.0175170898438,2732.29345703125,Estimated,-14.13005256652832,,,,,,,,,,,,1.1622791,73.0,99.5483,78,,,,,0.535,0.21,,2.5
5/27/26 11:15:59,Jerry Gamblin,,,7 Iron,64.87500095845293,-3.4894912242889404,1.3823466300964355,4.421739101409912,3.0393924713134766,74.12717780984975,1.1426154406891198,17.789831161499023,3.8050858974456787,1909.8292236328125,424.0469970703125,1956.3392333984375,Estimated,-12.51853084564209,,,,,,,,,,,,1.1622791,73.0,99.5483,78,,,,,0.574,0.176,,3.3
5/27/26 11:16:20,Jerry Gamblin,,,7 Iron,68.13122787557505,5.85347843170166,-7.991193771362305,-8.407960891723633,-0.4167671203613281,48.408605579657475,0.7105200814531613,18.633216857910156,-7.906403541564941,1000.0000610351562,577.3502197265625,1154.7005615234375,Estimated,-30.0,,,,,,,,,,,,1.1622791,73.0,99.5483,78,,,,,0.553,0.231,,2.4
5/27/26 11:17:57,Jerry Gamblin,,,7 Iron,65.2799157475094,1.743578553199768,-3.172797203063965,-2.2042808532714844,0.9685163497924805,78.20368325104437,1.1979746351622405,18.716650009155273,-2.207648992538452,2490.152099609375,1437.6898193359375,2875.3798828125,Estimated,-30.0,9.642264765808694,89.20588622673081,-8.364898681640625,-12.977420501508737,114.02677467593162,-9.685193061828613,-19.183279856817826,,,,,1.1622791,73.0,99.5483,78,,,,,0.593,0.234,,2.5
5/27/26 11:18:14,Jerry Gamblin,,,7 Iron,68.26237516055042,2.2605998516082764,-5.652496337890625,2.5205185413360596,8.173014640808105,88.21263002683712,1.2922584340108951,4.164375305175781,1.3631311655044556,1847.3897705078125,-147.3497314453125,1853.2568359375,Estimated,4.560317039489746,0.8624992867050104,46.987479335888374,1.7030683755874634,1.3965675941393862,118.07589393275303,1.909775972366333,3.93506501290429,,,,,1.1622791,73.0,99.5483,78,,,,,0.521,0.214,,2.4
5/27/26 11:18:30,Jerry Gamblin,,,7 Iron,67.64342551070959,1.5708389282226562,-0.7560334801673889,3.214869976043701,3.9709033966064453,87.21148532547947,1.2892825084925923,19.19420623779297,2.5461668968200684,2437.247802734375,362.1264343261719,2464.003173828125,Estimated,-8.451184272766113,13.605722292201726,114.3881279652513,0.508988618850708,1.0158856214396492,135.94489710850354,0.19683189690113068,0.4666999686421372,,,,,1.1622791,73.0,99.5483,78,,,,,0.558,0.207,,2.7
5/27/26 11:18:47,Jerry Gamblin,,,7 Iron,65.75413320264222,2.6949193477630615,-4.817997455596924,5.817750930786133,10.635747909545898,80.6370887401365,1.2263425097799971,16.980613708496094,4.175971031188965,3327.71142578125,-665.56005859375,3393.616455078125,Estimated,11.310226440429688,9.857904253982184,94.88077405660901,6.895488739013672,11.391257989437875,119.10494439766684,7.418334484100342,15.377983750737975,,,,,1.1622791,73.0,99.5483,78,,,,,0.528,0.213,,2.5
5/27/26 11:19:10,Jerry Gamblin,,,7 Iron,67.47717249794525,1.3441847562789917,-2.224579095840454,3.6911022663116455,5.9156813621521,87.6281887783523,1.2986345683204297,17.491994857788086,2.7536001205444336,4788.232421875,-315.92803955078125,4798.6435546875,Estimated,3.774909496307373,13.927599889399811,111.24222923138636,3.9860002994537354,7.732823451985837,126.0815350923847,4.116563320159912,9.050943928649316,,,,,1.1622791,73.0,99.5483,78,,,,,0.517,0.232,,2.2
5/27/26 11:19:30,Jerry Gamblin,,,7 Iron,63.30753533261626,-0.32883474230766296,0.5289835929870605,4.761695384979248,4.2327117919921875,73.67351691724576,1.163740090814891,19.5404052734375,3.9775545597076416,3593.496826171875,-793.4813232421875,3680.058837890625,Estimated,12.451698303222656,9.873003054374367,83.95505389516435,6.8574957847595215,10.024288299306901,99.69154785102852,7.283217906951904,12.638323784708872,,,,,1.1622791,73.0,99.5483,78,,,,,0.519,0.216,,2.4
5/27/26 11:19:46,Jerry Gamblin,,,7 Iron,65.5731432934531,3.4759252071380615,-4.964670658111572,-6.852225303649902,-1.88755464553833,87.53370880312636,1.3349018272830888,14.394641876220703,-6.249787330627441,3280.06103515625,779.7168579101562,3371.46240234375,Estimated,-13.371832847595215,9.437139265806344,104.15913238925884,-9.603203773498535,-17.37624224298165,136.9463552640179,-10.3656644821167,-24.640756224918448,,,,,1.1622791,73.0,99.5483,78,,,,,0.545,0.232,,2.3
5/27/26 11:20:13,Jerry Gamblin,,,7 Iron,66.74173566044102,1.3402550220489502,-5.580837726593018,4.152653217315674,9.733490943908691,86.25106975361545,1.2923108591666121,16.8548583984375,2.7127699851989746,1982.544921875,52.0074577331543,1983.22705078125,Estimated,-1.5026769638061523,10.27206944876977,106.31800740826891,2.422123908996582,4.493254167618505,145.01838650707603,2.3398373126983643,5.920648261943827,,,,,1.1622791,73.0,99.5483,78,,,,,0.542,0.207,,2.6
5/27/26 11:20:36,Jerry Gamblin,,,7 Iron,67.30793711963345,0.36704641580581665,-3.1257951259613037,1.5353327989578247,4.661128044128418,88.55497487204026,1.315669127024978,18.11441421508789,0.8700358271598816,4120.6044921875,75.11024475097656,4121.2890625,Estimated,-1.0442700386047363,14.594697368217997,114.91732960297993,0.5406790971755981,1.084669081662062,131.14529540428236,0.5024107098579407,1.1496151995471144,,,,,1.1622791,73.0,99.5483,78,,,,,0.542,0.217,,2.5
5/27/26 11:21:07,Jerry Gamblin,,,7 Iron,66.76608097920182,0.5091248154640198,-1.3706732988357544,3.4737956523895264,4.84446907043457,91.46782868917106,1.3699745042346283,19.57697296142578,2.6819465160369873,3423.849365234375,71.68538665771484,3424.599609375,Measured,-1.1994308233261108,16.99772719636051,124.32619864129228,2.308256149291992,5.007262617897174,141.58459160271593,2.2633023262023926,5.591604027535346,,,,,1.1622791,73.0,99.5483,78,,,,,0.511,0.222,,2.3
5/27/26 11:21:27,Jerry Gamblin,,,7 Iron,69.29191420056091,2.1190407276153564,-6.332161903381348,-3.446847915649414,2.8853139877319336,81.59354489107344,1.1775334226574583,1.2000318765640259,-3.623643636703491,1555.7210693359375,-256.6776428222656,1576.75341796875,Estimated,9.368800163269043,0.051898280466635395,11.069620270950171,-3.472656488418579,-0.670520052613653,77.58234846727534,-3.360511064529419,-4.547796328653918,,,,,1.1622791,73.0,99.5483,78,,,,,0.561,0.236,,2.4
5/27/26 11:23:00,Jerry Gamblin,,,7 Iron,64.85335640849262,4.2082109451293945,-4.021190643310547,2.9780261516571045,6.9992170333862305,83.83998720664678,1.2927625006570644,15.809184074401855,1.943058729171753,4952.50537109375,-930.4207153320312,5039.14599609375,Estimated,10.64006233215332,10.706947648723398,99.71665376544729,5.105993270874023,8.874715469640696,115.33068025310313,5.508368015289307,11.070763345152688,,,,,1.1622791,73.0,99.5483,78,,,,,0.545,0.232,,2.3
